"eventid","refid","eventid2","eventtype","place","mindate","maxdate","burnareaha","metconditions"
3,1,35,"bushfire","Albury",2003-01-11,2003-02-20,,
2,1,34,"dust","Albury",2003-03-19,2003-03-20,,
9,2,41,"woodsmoke","PERTH",1997-07-18,,,"Winter haze from wood heaters"
366,189,,"bushfire","Illawarra",1994-01-04,1994-01-14,,
367,189,,"bushfire","Sydney East",1994-01-04,1994-01-14,,
368,189,,"bushfire","Sydney West",1994-01-04,1994-01-14,,
369,189,,"bushfire","Newcastle",1994-01-04,1994-01-14,,
435,230,,"bushfire","Sydney East",2000-10-05,2000-10-08,"450",
436,230,,"bushfire","Newcastle",2000-10-05,2000-10-08,"450",
1146,676,,"bushfire","Albury",2003-01-21,,,
1222,742,,"bushfire","ALBANY",2007-02-12,2007-02-13,"5000",
475,248,,"bushfire","PERTH",2004-01-12,,,
479,252,,"possible biomass","PERTH",2006-03-28,,,
1227,747,,"bushfire","Wagga Wagga",2006-12-07,,,
1223,743,,"possible biomass","Tamworth",2009-03-05,,,
1224,744,,"prescribed burn","BUNBURY",2001-10-31,2001-11-01,,
1225,745,,"possible biomass","Tamworth",2005-04-02,2005-04-03,,
1233,752,,"dust","Sydney West",2003-03-20,,,
370,190,,"bushfire","launceston",2006-06-16,,,
371,191,,"bushfire","hobart",2007-01-11,,,
545,326,,"bushfire","PERTH",2005-01-06,,,
437,231,,"bushfire","Sydney East",2001-11-05,2001-11-06,,
390,209,,"bushfire","Sydney East",1997-11-29,1997-12-01,,
391,209,,"bushfire","Sydney West",1997-11-29,1997-12-01,,
392,209,,"bushfire","Newcastle",1997-11-29,1997-12-01,,
393,209,,"bushfire","Illawarra",1997-11-29,1997-12-01,,
438,231,,"bushfire","Newcastle",2001-11-05,2001-11-06,,
233,5,,"bushfire","Sydney West",1997-12-17,1997-12-19,,
232,5,,"bushfire","Sydney East",1997-12-17,1997-12-19,,
394,210,,"bushfire","Sydney East",1997-12-01,1997-12-05,,
395,210,,"bushfire","Sydney West",1997-12-01,1997-12-05,,
396,210,,"bushfire","Newcastle",1997-12-01,1997-12-05,,
452,240,,"bushfire","Sydney West",2003-01-22,,,
453,240,,"bushfire","Newcastle",2003-01-22,,,
454,240,,"bushfire","Illawarra",2003-01-22,,,
480,253,,"possible biomass","PERTH",2005-11-20,,,
398,211,,"bushfire","Sydney East",1997-11-29,1997-12-08,,
403,211,,"bushfire","Newcastle",1997-11-29,1997-12-08,,
404,212,,"bushfire","Sydney East",1997-12-11,,"1,200,000",
405,212,,"bushfire","Sydney West",1997-12-11,,"1,200,000",
444,237,,"bushfire","PERTH",2003-01-08,,,"hotspot far from perth, but with wind could have past over perth differen ttime of day"
424,223,,"bushfire","Sydney East",2000-02-09,,"7",
426,226,,"bushfire","Sydney East",2000-09-19,2000-09-20,,
427,226,,"bushfire","Illawarra",2000-09-19,2000-09-20,,
333,35,,"bushfire","Newcastle",1994-01-05,1994-01-17,"600000",
63,35,,"bushfire","Illawarra",1994-01-05,1994-01-17,"600000",
332,35,,"bushfire","Sydney West",1994-01-05,1994-01-17,"600000",
331,35,,"bushfire","Sydney East",1994-01-05,1994-01-17,"600000",
64,36,,"bushfire","Sydney West",1994-01-09,,,
65,37,,"bushfire","Sydney West",1994-01-07,,"1000000",
66,38,,"bushfire","Sydney West",1994-01-06,,,
67,39,,"bushfire","Newcastle",2001-11-02,,,
68,40,,"bushfire","Sydney West",1995-01-08,,,
79,41,,"bushfire","Sydney West",2001-12-25,2001-12-26,,
69,41,,"bushfire","Illawarra",2001-12-25,2001-12-26,,
70,42,,"bushfire","Sydney East",1997-12-08,,,
334,43,,"bushfire","Newcastle",2001-12-28,2001-12-30,,
71,43,,"bushfire","Illawarra",2001-12-28,2001-12-30,,
73,43,,"bushfire","Sydney West",2001-12-28,2001-12-30,,
77,44,,"bushfire","Sydney West",2001-12-31,,,
76,44,,"bushfire","Sydney East",2001-12-31,,,
75,44,,"bushfire","Newcastle",2001-12-31,,,
74,44,,"bushfire","Illawarra",2001-12-31,,,
78,45,,"bushfire","Sydney East",1997-12-17,,,
429,227,,"bushfire","Sydney East",2000-09-21,,,
430,227,,"bushfire","Sydney West",2000-09-21,,,
335,46,,"bushfire","Sydney West",1997-12-01,1997-12-08,"100000",
80,47,,"bushfire","Sydney West",1997-12-03,,,
81,48,,"bushfire","Sydney East",1997-12-04,,,
82,49,,"bushfire","Sydney East",2002-01-01,,,
83,49,,"bushfire","Sydney West",2002-01-01,,,
84,50,,"bushfire","Sydney East",1997-12-14,1997-12-19,,
85,50,,"bushfire","Sydney West",1997-12-14,1997-12-19,,
86,51,,"bushfire","Illawarra",1998-01-02,,,
88,52,,"bushfire","Sydney West",2002-01-02,2002-01-04,,"two images for these areas"
87,52,,"bushfire","Newcastle",2002-01-02,2002-01-04,,
431,228,,"bushfire","Sydney East",2000-09-19,2000-09-21,"300",
432,228,,"bushfire","Illawarra",2000-09-19,2000-09-21,"300",
434,229,,"bushfire","Sydney East",2000-10-05,2000-10-06,,
455,241,,"bushfire","Sydney East",2003-01-20,,,
457,241,,"bushfire","Sydney West",2003-01-20,,,
458,241,,"bushfire","Newcastle",2003-01-20,,,
459,242,,"bushfire","Sydney East",2003-01-24,,,"smoke from victoria fires"
460,242,,"bushfire","Sydney West",2003-01-24,,,"smoke from victoria fires"
461,242,,"bushfire","Illawarra",2003-01-24,,,"smoke from victoria fires"
485,259,,"bushfire","PERTH",2007-02-06,,,
501,281,,"bushfire","Sydney East",2002-07-11,,,
502,284,,"bushfire","Sydney East",2002-11-15,,"300000",
462,243,,"bushfire","Sydney East",2003-01-24,2003-01-25,,
463,243,,"bushfire","Sydney West",2003-01-25,,,
464,243,,"bushfire","Illawarra",2003-01-25,,,
520,305,,"bushfire","Sydney West",2002-10-18,,,
519,305,,"bushfire","Sydney East",2002-10-18,,,
524,307,,"possible biomass","Sydney East",2002-10-29,,,
526,309,,"bushfire","Newcastle",2002-11-05,,,
528,313,,"bushfire","Newcastle",2002-11-19,,,
529,314,,"bushfire","Newcastle",2002-11-20,,,
531,314,,"possible biomass","Illawarra",2002-11-20,,,
532,315,,"bushfire","PERTH",2002-01-12,2002-01-14,,
687,423,,"bushfire","Sydney East",2003-01-08,2003-01-11,,
688,423,,"bushfire","Sydney West",2003-01-08,2003-01-11,,
686,423,,"bushfire","Illawarra",2003-01-08,2003-01-11,,
89,53,,"bushfire","Illawarra",2000-02-11,,,
338,53,,"bushfire","Sydney West",2000-02-11,,,
91,54,,"bushfire","Sydney East",2002-01-05,2002-01-06,,
92,54,,"bushfire","Sydney West",2002-01-05,2002-01-06,,
93,54,,"bushfire","Newcastle",2002-01-05,2002-01-06,,
90,54,,"bushfire","Illawarra",2002-01-05,,,
94,55,,"bushfire","Sydney West",2001-12-26,,,
95,55,,"bushfire","Sydney East",2001-12-26,,,
1149,677,,"bushfire","Bathurst",2003-01-20,,,
97,57,,"bushfire","Illawarra",2001-12-27,,,
98,57,,"bushfire","Newcastle",2001-12-27,,,
99,57,,"bushfire","Sydney East",2001-12-27,,,
100,57,,"bushfire","Sydney West",2001-12-27,,,
406,214,,"possible biomass","Sydney East",2005-12-07,,,
407,214,,"possible biomass","Newcastle",2005-12-07,,,
103,59,,"bushfire","Sydney West",2002-10-19,,,
104,60,,"bushfire","Newcastle",2002-10-20,,,
105,60,,"bushfire","Sydney West",2002-10-20,,,
106,61,,"bushfire","Newcastle",2002-10-23,,,
107,61,,"bushfire","Sydney East",2002-10-23,,,
108,61,,"bushfire","Sydney West",2002-10-23,,,
109,62,,"bushfire","Sydney East",2000-10-05,,,
110,63,,"bushfire","Newcastle",2002-10-24,,,
111,63,,"bushfire","Sydney West",2002-10-24,,,
112,64,,"bushfire","Sydney East",2002-10-25,,,
113,64,,"bushfire","Sydney West",2002-10-25,,,
114,65,,"bushfire","Newcastle",2002-10-30,,,
115,66,,"bushfire","Newcastle",2002-10-31,,,
116,67,,"bushfire","Newcastle",2002-11-03,,,
118,68,,"bushfire","Illawarra",2001-10-29,2001-10-31,"12000",
119,68,,"bushfire","Newcastle",2001-10-29,2001-10-31,"12000",
120,68,,"bushfire","Sydney East",2001-10-29,2001-10-31,"12000",
121,68,,"bushfire","Sydney West",2001-10-29,2001-10-31,"12000",
122,69,,"bushfire","Newcastle",2002-11-04,,,
123,70,,"bushfire","Sydney East",2001-10-29,,,
124,70,,"bushfire","Sydney West",2001-10-29,,,
125,70,,"bushfire","Newcastle",2001-10-29,,,
126,70,,"bushfire","Illawarra",2001-10-29,,,
356,179,,"bushfire","PERTH",2005-01-16,2005-01-22,"27000",
409,215,,"non-biomass, non-fire","Sydney West",2005-06-06,2005-06-08,,
128,72,,"bushfire","Newcastle",2002-11-10,,,
129,73,,"bushfire","Newcastle",2001-11-01,,,
131,74,,"bushfire","Sydney West",2001-12-25,2001-12-31,,
130,74,,"bushfire","Sydney East",2001-12-25,2001-12-31,,
132,75,,"bushfire","Sydney East",2001-12-21,2001-12-31,,
133,75,,"bushfire","Sydney West",2001-12-21,2001-12-31,,
134,76,,"bushfire","Illawarra",2002-11-14,,,
137,78,,"bushfire","Sydney East",2001-12-21,2002-01-05,,
138,78,,"bushfire","Sydney West",2001-12-21,2002-01-05,,
140,79,,"bushfire","Sydney West",2001-12-21,2002-01-04,,
139,79,,"bushfire","Sydney East",2001-12-21,2002-01-04,,
141,80,,"bushfire","Sydney East",2001-12-21,2002-01-10,,
142,80,,"bushfire","Sydney West",2001-12-21,2002-01-10,,
143,81,,"bushfire","Sydney East",2001-12-25,2002-01-10,"300000",
144,81,,"bushfire","Sydney West",2001-12-25,2002-01-10,"300000",
145,82,,"bushfire","Illawarra",2002-12-04,,,
146,82,,"bushfire","Newcastle",2002-12-04,,,
147,83,,"bushfire","Sydney East",2001-12-25,2002-01-16,"500000",
148,83,,"bushfire","Sydney West",2001-12-25,2002-01-16,"500000",
149,83,,"bushfire","Newcastle",2001-12-25,2002-01-16,"500000",
150,83,,"bushfire","Illawarra",2001-12-25,2002-01-16,"500000",
152,84,,"bushfire","Sydney West",2002-12-05,,,
153,84,,"bushfire","Newcastle",2002-12-05,,,
151,84,,"bushfire","Sydney East",2002-12-05,,,
156,85,,"bushfire","Sydney West",2002-12-06,2002-12-07,,
155,85,,"bushfire","Sydney East",2002-12-06,,,
154,85,,"bushfire","Newcastle",2002-12-06,,,
157,86,,"bushfire","Newcastle",2002-10-08,,,
159,86,,"bushfire","Sydney West",2002-10-08,,,
158,86,,"bushfire","Sydney East",2002-10-08,,,
161,87,,"bushfire","Sydney East",2002-10-25,,,
162,87,,"bushfire","Sydney West",2002-10-25,,,
163,88,,"bushfire","Newcastle",2002-12-07,2002-12-08,,
166,88,,"bushfire","Sydney West",2002-12-07,2002-12-08,,
164,88,,"bushfire","Illawarra",2002-12-07,2002-12-08,,
167,89,,"bushfire","Sydney East",2002-12-09,,,
168,89,,"bushfire","Sydney West",2002-12-09,,,
169,89,,"bushfire","Newcastle",2002-12-09,,,
172,90,,"bushfire","Sydney West",2002-01-18,,,
171,90,,"bushfire","Sydney East",2002-01-18,,,
170,90,,"bushfire","Illawarra",2002-01-18,,,
173,91,,"bushfire","Illawarra",2003-01-21,,,
341,91,,"bushfire","Sydney East",2003-01-21,,,
174,91,,"bushfire","Sydney West",2003-01-21,,,
175,92,,"bushfire","Illawarra",2002-11-09,,,
176,93,,"bushfire","Illawarra",2003-01-26,,,
177,93,,"bushfire","Sydney East",2003-01-26,,,
178,93,,"bushfire","Sydney West",2003-01-26,,,
342,94,,"bushfire","Sydney East",2003-01-30,,,
179,94,,"bushfire","Sydney West",2003-01-30,,,
180,95,,"bushfire","Sydney East",2002-11-03,2002-11-11,,
181,95,,"bushfire","Sydney West",2002-11-03,2002-11-11,,
183,96,,"bushfire","Sydney West",2002-11-04,2002-11-27,,
184,96,,"bushfire","Illawarra",2002-11-04,2002-11-27,,
185,96,,"bushfire","Newcastle",2002-11-04,2002-11-27,,
182,96,,"bushfire","Sydney East",2002-11-04,2002-11-27,,
186,97,,"bushfire","Sydney East",2002-11-03,,,
187,97,,"bushfire","Sydney West",2002-11-03,,,
190,98,,"bushfire","Newcastle",2003-01-31,,,
189,98,,"bushfire","Sydney West",2003-01-31,,,
188,98,,"bushfire","Sydney East",2003-01-31,,,
439,232,,"possible biomass","PERTH",2002-02-02,,,
440,233,,"possible biomass","PERTH",2002-11-15,,,
441,234,,"bushfire","PERTH",2002-12-10,,,
465,244,,"bushfire","Sydney East",1997-12-29,1998-01-02,,
467,244,,"bushfire","Sydney West",1997-12-29,1998-01-02,,
469,244,,"bushfire","PERTH",1997-12-29,1998-01-02,,
476,249,,"possible biomass","PERTH",2004-04-08,,,
195,100,,"possible biomass","Newcastle",2003-09-23,,,
196,101,,"bushfire","PERTH",2002-11-09,,,
373,202,,"bushfire","Sydney East",2005-12-21,2005-12-25,,
198,103,,"bushfire","Newcastle",2003-03-21,2003-03-22,,
199,103,,"bushfire","Sydney West",2003-03-21,,,
343,104,,"bushfire","Sydney East",2003-01-14,2003-01-16,,
200,104,,"bushfire","Newcastle",2003-01-14,2003-01-16,,
344,104,,"bushfire","Sydney West",2003-01-14,2003-01-16,,
345,104,,"bushfire","Illawarra",2003-01-14,2003-01-16,,
202,105,,"bushfire","Sydney West",2003-01-17,,"30000",
203,105,,"bushfire","Illawarra",2003-01-17,,"30000",
201,105,,"bushfire","Sydney East",2003-01-17,,"30000",
204,106,,"bushfire","Sydney East",2004-01-10,,,
205,107,,"possible biomass","Illawarra",2004-03-08,,,
1121,661,,"bushfire","Sydney East",2006-09-13,2006-12-09,"76000","76000 ha Wollemi complex of fires start 13th. Burned until December 9th."
207,109,,"bushfire","Sydney East",2005-01-13,,,
208,109,,"bushfire","Sydney West",2005-01-13,,,
209,109,,"bushfire","Newcastle",2005-01-13,,,
210,109,,"bushfire","Illawarra",2005-01-13,,,
377,202,,"bushfire","Sydney West",2005-12-21,2005-12-25,,
1226,746,,"possible biomass","Tamworth",2005-05-19,2005-05-20,,
214,112,,"bushfire","Sydney West",2005-12-25,,,
215,112,,"bushfire","Newcastle",2005-12-25,,,
213,112,,"bushfire","Sydney East",2005-12-25,,,
216,113,,"bushfire","Sydney East",2006-01-01,,,
217,113,,"bushfire","Newcastle",2006-01-01,,,
346,113,,"bushfire","Illawarra",2006-01-01,,,
218,114,,"bushfire","Sydney East",2006-09-24,,,
219,114,,"bushfire","Sydney West",2006-09-24,,,
220,114,,"bushfire","Illawarra",2006-09-24,,,
221,115,,"bushfire","Sydney East",2006-11-21,,,
347,115,,"bushfire","Newcastle",2006-11-21,,,
222,115,,"bushfire","Sydney West",2006-11-21,,,
224,116,,"bushfire","Sydney West",2006-11-22,,,
348,116,,"bushfire","Illawarra",2006-11-22,,,
223,116,,"bushfire","Sydney East",2006-11-22,,,
225,117,,"bushfire","Sydney West",2006-12-01,,,
226,118,,"possible biomass","Illawarra",2007-01-30,,,
227,119,,"possible biomass","Illawarra",2007-05-04,,,
228,120,,"bushfire","Newcastle",2007-10-03,2007-10-04,,
1234,752,,"dust","Illawarra",2003-03-20,,,
378,203,,"bushfire","Sydney East",2005-12-21,2005-12-25,,
379,203,,"bushfire","Sydney West",2005-12-21,2005-12-25,,
234,124,,"bushfire","Sydney East",2001-01-13,2001-01-19,"18000",
328,124,,"bushfire","Illawarra",2001-01-13,2001-01-19,"18000",
327,124,,"bushfire","Sydney West",2001-01-13,2001-01-19,"18000",
329,124,,"bushfire","Newcastle",2001-01-13,2001-01-19,"18000",
1238,754,,"possible biomass","Sydney East",1998-01-03,,,
160,86,,"bushfire","Illawarra",2002-10-08,,,
237,126,,"prescribed burn","Sydney East",2003-09-04,2003-09-06,,
240,127,,"bushfire","Sydney West",2003-09-22,2003-09-27,,
239,127,,"bushfire","Sydney East",2003-09-22,2003-09-27,,
242,128,,"bushfire","Sydney West",2003-09-21,2003-09-26,,
241,128,,"bushfire","Sydney East",2003-09-21,2003-09-26,,
247,131,,"bushfire","Sydney East",2002-09-26,,,
248,131,,"bushfire","Sydney West",2002-09-26,,,
249,132,,"bushfire","Newcastle",2003-10-29,2003-10-30,"1000",
250,133,,"bushfire","Illawarra",2003-12-19,2003-12-23,,
251,134,,"bushfire","Sydney East",2005-10-04,,,
252,134,,"bushfire","Newcastle",2005-10-04,,,
380,205,,"bushfire","Sydney East",2005-12-21,2005-12-25,,
381,205,,"bushfire","Sydney West",2005-12-21,2005-12-25,,
256,137,,"bushfire","Newcastle",2004-10-13,2004-10-15,,
255,137,,"bushfire","Sydney East",2004-10-13,2004-10-15,,
257,138,,"bushfire","Sydney East",2004-12-01,,,
258,138,,"bushfire","Newcastle",2004-12-01,,,
382,206,,"bushfire","Sydney East",1996-01-01,1996-01-04,,
383,206,,"bushfire","Sydney West",1996-01-01,1996-01-04,,
263,143,,"bushfire","Sydney East",1994-01-01,1994-01-09,"200,000",
264,144,,"bushfire","Sydney East",1994-01-01,1994-01-09,,
349,144,,"bushfire","Sydney West",1994-01-01,1994-01-09,,
265,145,,"bushfire","Sydney East",1994-01-01,1994-01-09,,
266,146,,"bushfire","Sydney East",1994-01-01,1994-01-09,,
410,216,,"bushfire","Sydney East",2005-01-12,2005-01-13,"120",
411,216,,"bushfire","Sydney West",2005-01-12,2005-01-13,"120",
442,235,,"possible biomass","PERTH",2002-12-21,,,"unlikely but possible bushfire"
471,245,,"prescribed burn","Newcastle",2003-09-04,,,"shown in two separate photos"
273,153,,"bushfire","Sydney East",1997-12-01,,,
350,155,,"bushfire","Newcastle",1998-03-23,1998-03-30,,
275,155,,"bushfire","Sydney East",1998-03-23,1998-03-30,,
276,156,,"bushfire","Sydney East",2001-12-23,2001-12-28,,
278,157,,"bushfire","Sydney West",2001-12-21,2001-12-29,,
277,157,,"bushfire","Sydney East",2001-12-21,2001-12-29,,
279,157,,"bushfire","Illawarra",2001-12-21,2001-12-29,,
281,159,,"bushfire","Illawarra",2007-10-16,2007-10-23,,
282,160,,"possible biomass","Illawarra",2007-04-20,,,
285,161,,"bushfire","Sydney West",2001-12-21,2002-01-13,,
283,161,,"bushfire","Newcastle",2001-12-21,2002-01-13,"753,314",
284,161,,"bushfire","Sydney East",2001-12-21,2002-01-13,,
286,161,,"bushfire","Illawarra",2001-12-21,2002-01-13,,
289,163,,"bushfire","Newcastle",2001-12-21,2002-01-13,,
287,163,,"bushfire","Sydney East",2001-12-21,2002-01-13,,
288,163,,"bushfire","Sydney West",2001-12-21,2002-01-13,,
290,163,,"bushfire","Illawarra",2001-12-21,2002-01-13,,
291,164,,"bushfire","Newcastle",1994-01-11,,,
293,165,,"bushfire","Sydney East",1998-01-01,,,
292,165,,"bushfire","Illawarra",1998-01-01,,,
296,166,,"bushfire","Sydney West",2001-12-21,2002-01-13,,
295,166,,"bushfire","Sydney East",2001-12-21,2002-01-13,,
294,166,,"bushfire","Illawarra",2001-12-21,2002-01-13,,
472,245,,"prescribed burn","Sydney East",2003-09-04,,,
473,245,,"prescribed burn","Illawarra",2003-09-04,,,
628,408,,"bushfire","Sydney West",2002-10-04,2002-10-08,,
297,166,,"bushfire","Newcastle",2001-12-21,2002-01-13,,
299,167,,"bushfire","Sydney West",2002-10-09,,,
300,167,,"bushfire","Newcastle",2002-10-09,,,
298,167,,"bushfire","Sydney East",2002-10-09,,,
301,167,,"bushfire","Illawarra",2002-10-09,,,
303,168,,"bushfire","Sydney West",2002-12-04,,,
304,168,,"bushfire","Newcastle",2002-12-04,,,
302,168,,"bushfire","Sydney East",2002-12-04,,,
305,168,,"bushfire","Illawarra",2002-12-04,,,
306,169,,"bushfire","Newcastle",2006-01-01,,,
351,169,,"bushfire","Illawarra",2006-01-01,,,
353,169,,"bushfire","Sydney West",2006-01-01,,,
352,169,,"bushfire","Sydney East",2006-01-01,,,
307,170,,"bushfire","Sydney East",2002-12-04,2002-12-16,,
310,170,,"bushfire","Illawarra",2002-12-04,2002-12-16,,
308,170,,"bushfire","Sydney West",2002-12-04,2002-12-16,,
309,170,,"bushfire","Newcastle",2002-12-04,2002-12-16,,
314,171,,"bushfire","Illawarra",2001-12-27,,,
313,171,,"bushfire","Newcastle",2001-12-27,,,
312,171,,"bushfire","Sydney West",2001-12-27,,,
311,171,,"bushfire","Sydney East",2001-12-27,,,
315,172,,"bushfire","Sydney East",2001-12-24,2002-01-08,"500000",
318,172,,"bushfire","Illawarra",2001-12-24,2002-01-08,"500000",
316,172,,"bushfire","Sydney West",2001-12-24,2002-01-08,"500,000",
317,172,,"bushfire","Newcastle",2001-12-24,2002-01-08,"500,000",
319,173,,"bushfire","Newcastle",2002-09-15,2002-10-05,"3000",
321,174,,"bushfire","Sydney West",2002-12-04,,,
320,174,,"bushfire","Sydney East",2002-12-04,,,
325,175,,"dust","Illawarra",2002-10-23,,,
324,175,,"dust","Newcastle",2002-10-23,,,
323,175,,"dust","Sydney West",2002-10-23,,,
322,175,,"dust","Sydney East",2002-10-23,,,
384,207,,"bushfire","Sydney East",2002-11-04,2002-11-14,,
385,207,,"bushfire","Sydney West",2002-11-04,2002-11-14,,
1150,678,,"bushfire","hobart",2006-12-10,2006-12-12,,
1228,748,,"bushfire","Wagga Wagga",2006-12-10,,,
1239,756,,"bushfire","Sydney East",2001-01-15,,,
117,46,,"bushfire","Sydney East",1997-12-01,1997-12-08,"100000",
357,153,,"bushfire","Newcastle",1997-12-01,,,
16,2,48,"bushfire","PERTH",1998-01-10,,,"Wildfire"
15,2,47,"bushfire","PERTH",1997-12-30,,,"Wildfire in the Fitgerald River National Park"
14,2,46,"bushfire","PERTH",1997-12-29,,,"Wildfire in the Fitgerald River National Park"
13,2,45,"bushfire","PERTH",1997-12-25,,,"Large wildfires fires around Pemberton"
12,2,44,"woodsmoke","PERTH",1997-08-11,,,"Winter haze from wood heaters"
10,2,42,"woodsmoke","PERTH",1997-07-19,,,"Winter haze from wood heaters"
19,2,51,"bushfire","PERTH",1998-03-07,,,"Wildfire"
8,2,40,"woodsmoke","PERTH",1997-07-11,,,"Winter haze from wood heaters"
7,2,39,"woodsmoke","PERTH",1997-07-10,,,"Winter haze from wood heaters"
6,2,38,"woodsmoke","PERTH",1997-06-26,,,"Winter haze from wood heaters"
5,2,37,"woodsmoke","PERTH",1997-06-09,,,"Winter haze from wood heaters"
4,2,36,"woodsmoke","PERTH",1996-07-16,,,"Winter haze from wood heaters"
11,2,43,"woodsmoke","PERTH",1997-07-20,,,"Winter haze from wood heaters"
25,2,57,"bushfire","PERTH",2005-01-20,,,"Perth Hills wildfire"
33,2,65,"bushfire","PERTH",2003-11-08,,,"Wildfire"
32,2,64,"bushfire","PERTH",2003-10-29,,,"Wildfire"
31,2,63,"bushfire","PERTH",2003-03-08,,,"Wildfire"
30,2,62,"bushfire","PERTH",2002-12-23,,,"Multiple wildfires started by lightning storms in the Perth Hills area"
29,2,61,"bushfire","PERTH",2002-12-22,,,"Multiple wildfires started by lightning storms in the Perth Hills area"
28,2,60,"bushfire","PERTH",2002-12-20,,,"Multiple wildfires started by lightning storms in the Perth Hills area"
17,2,49,"bushfire","PERTH",1998-02-20,,,"Wildfire"
26,2,58,"possible biomass","PERTH",2006-06-07,,,"expert said woodsmoke, modis shows hotspot"
18,2,50,"bushfire","PERTH",1998-03-06,,,"Wildfire"
24,2,56,"bushfire","PERTH",2005-01-19,,,"Perth Hills wildfire"
23,2,55,"bushfire","PERTH",2004-12-20,,,"Wildfire"
22,2,54,"bushfire","PERTH",2001-01-30,,,"Wildfire"
21,2,53,"woodsmoke","PERTH",1998-07-16,,,"Winter haze from wood heaters"
20,2,52,"woodsmoke","PERTH",1998-07-07,,,"Winter haze from wood heaters"
27,2,59,"woodsmoke","PERTH",2007-06-22,,,"Winter haze from wood heaters"
1,3,3,"prescribed burn","PERTH",1995-11-15,1995-11-15,,
34,4,,"bushfire","PERTH",2008-05-01,,"40",
36,6,,"bushfire","PERTH",2007-11-23,,"12",
37,7,,"bushfire","PERTH",2007-11-24,,"15",
38,8,,"bushfire","PERTH",2007-02-04,,,
39,9,,"bushfire","PERTH",2007-02-06,,,
40,10,,"bushfire","PERTH",2007-02-04,,"3000",
42,11,,"bushfire","PERTH",2007-02-03,2007-02-05,"15000",
41,12,,"bushfire","PERTH",2007-02-03,2007-02-05,"15000",
43,13,,"bushfire","PERTH",2006-01-23,2006-01-25,"9000","deliberately lit"
44,14,,"bushfire","PERTH",2002-01-13,,"30",
45,15,,"possible biomass","PERTH",2001-10-31,,,
46,16,,"bushfire","PERTH",2002-01-14,,,
47,17,,"bushfire","PERTH",2002-01-17,,,
48,18,,"bushfire","PERTH",2002-11-08,,,
49,19,,"possible biomass","PERTH",2003-01-16,,,
50,20,,"bushfire","PERTH",2004-04-29,,,
51,21,,"possible biomass","PERTH",2004-12-14,,,
412,216,,"bushfire","Newcastle",2005-01-12,2005-01-13,"120",
53,23,,"bushfire","PERTH",2005-01-16,,,
54,24,,"bushfire","PERTH",2005-01-15,2005-01-19,,
55,26,,"bushfire","PERTH",2005-01-17,,,
57,27,,"bushfire","PERTH",2005-01-13,2005-01-22,"25000",
246,29,,"bushfire","PERTH",2005-01-18,,,
58,30,,"bushfire","PERTH",2005-01-18,,,
59,31,,"bushfire","PERTH",2005-01-13,2005-01-23,"27000","deliberately-lit"
60,32,,"bushfire","PERTH",2005-01-13,2005-01-30,"27000",
413,217,,"bushfire","Sydney East",2005-01-15,2005-01-16,"70",
416,217,,"bushfire","Sydney West",2005-01-15,2005-01-16,"70",
445,238,,"possible biomass","PERTH",2003-01-16,,,"possible bushfire"
61,33,,"bushfire","PERTH",2007-02-04,,,
62,34,,"bushfire","PERTH",2005-02-05,,,
197,102,,"bushfire","PERTH",2006-06-10,,,
206,108,,"bushfire","PERTH",2002-01-28,2002-01-30,,
211,110,,"bushfire","PERTH",2006-01-21,2006-01-24,,
212,111,,"bushfire","PERTH",2006-01-21,2006-01-24,"2000",
229,121,,"bushfire","PERTH",2005-01-19,,,
230,122,,"bushfire","PERTH",2007-02-04,2007-02-07,,
231,123,,"bushfire","PERTH",2004-03-15,,,
243,129,,"possible biomass","PERTH",2004-02-04,,,
244,130,,"bushfire","PERTH",2004-02-03,2004-02-04,"500",
253,135,,"possible biomass","PERTH",2003-11-08,,,
254,136,,"possible biomass","PERTH",2002-01-17,,,
260,140,,"possible biomass","PERTH",2003-11-08,,,
261,141,,"bushfire","PERTH",2004-05-29,,,
262,142,,"bushfire","PERTH",2005-04-20,,,
267,147,,"bushfire","PERTH",2005-01-20,,,
268,148,,"bushfire","PERTH",2005-01-19,,,
269,149,,"possible biomass","PERTH",2006-06-07,,,"expert said woodsmoke, modis shows hotspot"
270,150,,"bushfire","PERTH",1997-01-01,1997-01-09,,
271,151,,"bushfire","PERTH",1997-01-03,1997-01-09,"10,500",
272,152,,"possible biomass","PERTH",2006-06-19,,,"non-citywide spike in Quinns Rocks 30km north of city"
274,154,,"bushfire","PERTH",2006-05-12,2006-05-13,,
280,158,,"bushfire","PERTH",2006-05-03,,,
326,176,,"bushfire","PERTH",1997-12-02,,,
1123,661,,"bushfire","Sydney West",2006-09-13,2006-12-09,"76000","76000 ha Wollemi complex of fires start 13th. Burned until December 9th."
354,178,,"bushfire","PERTH",1997-01-08,,,
641,412,,"bushfire","Sydney East",2002-10-17,2002-10-21,,
355,180,,"bushfire","PERTH",2005-01-19,2005-01-23,"27000",
259,139,,"prescribed burn","PERTH",2005-11-20,,,
96,56,,"possible biomass","Illawarra",2002-10-04,,,
1229,749,,"bushfire","Wagga Wagga",2007-01-13,,,
101,58,,"bushfire","Sydney West",2002-10-08,,,
339,71,,"possible biomass","Illawarra",2002-11-09,,,
127,71,,"possible biomass","Newcastle",2002-11-09,,,
135,77,,"possible biomass","Illawarra",2002-11-25,,,
136,77,,"possible biomass","Newcastle",2002-11-25,,,
193,99,,"bushfire","Newcastle",2002-09-25,,,
194,99,,"bushfire","Illawarra",2002-09-25,,,
192,99,,"bushfire","Sydney West",2002-09-25,,,
191,99,,"bushfire","Sydney East",2002-09-25,,,
52,22,,"possible biomass","PERTH",2005-01-15,,,
245,25,,"possible biomass","PERTH",2005-01-13,,,
1230,750,,"bushfire","Wagga Wagga",2008-04-01,2008-04-02,,
1240,757,,"possible biomass","Sydney East",2002-11-20,,,
235,125,,"bushfire","Sydney East",2002-12-04,2002-12-07,,
386,208,,"dust","Sydney East",1994-05-24,1994-05-28,,
387,208,,"dust","Sydney West",1994-05-24,1994-05-28,,
358,182,,"bushfire","hobart",2006-12-10,,,
388,208,,"dust","Newcastle",1994-05-24,1994-05-28,,
361,188,,"bushfire","Newcastle",1994-01-04,1994-01-08,,
362,188,,"bushfire","Sydney East",1994-01-04,1994-01-08,,
363,188,,"bushfire","Sydney West",1994-01-04,1994-01-08,,
364,188,,"bushfire","Illawarra",1994-01-04,1994-01-08,,
389,208,,"dust","Illawarra",1994-05-24,1994-05-28,,
493,268,,"bushfire","PERTH",2002-02-02,2002-02-03,,
494,271,,"bushfire","PERTH",2002-02-23,2002-02-25,,
495,272,,"bushfire","Newcastle",2001-10-30,2001-11-01,,
496,273,,"bushfire","Newcastle",2001-11-02,,,
417,218,,"bushfire","Sydney East",2004-01-11,2004-01-12,"800",
418,219,,"bushfire","Sydney East",2004-01-09,2004-01-12,"1400",
419,219,,"bushfire","Sydney West",2004-01-09,2004-01-12,"1400",
420,221,,"bushfire","Sydney East",2004-12-01,,,
421,221,,"bushfire","Newcastle",2004-12-01,,,
422,222,,"bushfire","Sydney East",2004-12-01,,,
423,222,,"bushfire","Newcastle",2004-12-01,,,
446,239,,"bushfire","Illawarra",2003-01-17,,,
447,239,,"possible biomass","Sydney East",2003-01-17,,,"possible bushfire"
448,239,,"bushfire","Sydney West",2003-01-17,,,
498,276,,"bushfire","PERTH",2000-12-17,2000-12-18,,
499,277,,"possible biomass","PERTH",2001-01-05,2001-01-18,,"100km long fire!!"
500,278,,"bushfire","PERTH",2001-02-14,,,
450,239,,"bushfire","Newcastle",2003-01-17,,,
504,285,,"bushfire","PERTH",2002-12-19,2002-12-20,"450",
474,247,,"prescribed burn","Sydney East",2003-09-05,2003-09-06,,
477,250,,"bushfire","PERTH",2005-04-07,,,
478,251,,"bushfire","PERTH",2005-11-16,,,
481,254,,"possible biomass","PERTH",2006-05-11,,,
482,255,,"bushfire","PERTH",2006-10-21,,,
483,256,,"bushfire","PERTH",2006-12-12,,,
484,258,,"possible biomass","PERTH",2006-12-13,,,
486,260,,"possible biomass","PERTH",2007-02-21,,,
487,261,,"possible biomass","PERTH",2007-11-15,,,
488,262,,"bushfire","PERTH",2007-11-23,,,
489,264,,"bushfire","PERTH",2006-02-19,2006-02-20,,
490,265,,"bushfire","PERTH",2006-02-19,2006-02-21,,
491,266,,"prescribed burn","PERTH",2001-10-30,2001-11-02,"3000","""controlled burn"" turned haze to perth"
492,267,,"bushfire","PERTH",2002-01-16,2002-01-18,,
505,286,,"bushfire","PERTH",2002-12-16,2002-12-20,,
506,289,,"bushfire","PERTH",2002-12-17,2002-12-22,,
507,290,,"bushfire","PERTH",2002-12-06,,,
508,291,,"bushfire","PERTH",2003-01-09,2003-01-11,,
509,292,,"bushfire","PERTH",2003-01-09,2003-01-13,"15000",
510,293,,"possible biomass","Newcastle",2002-10-02,,,
511,294,,"bushfire","Newcastle",2002-10-03,,,
512,294,,"bushfire","Illawarra",2002-10-03,,,
533,316,,"bushfire","PERTH",2004-01-09,2004-01-10,"150",
534,317,,"bushfire","Sydney East",2004-01-09,2004-01-11,,
535,317,,"bushfire","Sydney West",2004-01-09,2004-01-11,,
537,319,,"bushfire","PERTH",2004-02-03,2004-02-04,"5000",
536,318,,"bushfire","PERTH",2004-02-02,2004-02-04,"500",
538,320,,"bushfire","Sydney East",2002-12-16,,,
539,320,,"bushfire","Sydney West",2002-12-16,,,
540,320,,"bushfire","Newcastle",2002-12-16,,,
541,321,,"bushfire","PERTH",2004-12-19,,,
542,323,,"bushfire","PERTH",2004-12-26,,,
543,324,,"possible biomass","Sydney East",2002-12-22,,,
544,325,,"bushfire","PERTH",2004-12-25,2004-12-28,,
236,125,,"bushfire","Sydney West",2002-12-04,2002-12-07,,
546,327,,"bushfire","PERTH",2005-01-06,2005-01-07,"1200",
547,328,,"possible biomass","Newcastle",2003-09-10,,,
548,329,,"bushfire","PERTH",2005-01-15,2005-01-23,"27000",
549,330,,"bushfire","PERTH",2005-01-15,2005-01-23,"27000",
550,331,,"bushfire","PERTH",2005-02-02,,,
551,332,,"possible biomass","Sydney East",2003-09-24,,,
552,333,,"bushfire","Sydney East",2004-01-11,,,
553,333,,"bushfire","Sydney West",2004-01-11,,,
1124,661,,"bushfire","Newcastle",2006-09-13,2006-12-09,"76000","76000 ha Wollemi complex of fires start 13th. Burned until December 9th."
1125,661,,"bushfire","Sydney East",2006-09-20,2007-01-03,"15000","15000 Lawson Long Alley fire starts in the Blue Mountains. Burns until 3rd Jan 2007"
554,337,,"prescribed burn","PERTH",2005-11-20,2005-11-21,,
555,338,,"possible biomass","Illawarra",2004-02-06,,,
556,339,,"bushfire","PERTH",2006-12-03,,,
557,340,,"possible biomass","Illawarra",2004-02-09,,,
558,340,,"possible biomass","Sydney East",2004-02-09,,,
1126,661,,"bushfire","Sydney West",2006-09-20,2007-01-03,"15000","15000 Lawson Long Alley fire starts in the Blue Mountains. Burns until 3rd Jan 2007"
1127,662,,"bushfire","Illawarra",2006-11-22,2006-11-22,,"Peak of Wollemi fire activity"
559,341,,"prescribed burn","PERTH",2006-06-18,2006-06-19,,"smoke haze alert in city"
1128,662,,"bushfire","Sydney East",2006-11-22,2006-11-22,,"Peak of Wollemi fire activity"
560,342,,"bushfire","PERTH",2006-10-21,,,
561,343,,"non-biomass, fire","Sydney East",2006-11-12,,,"factory fire"
562,343,,"non-biomass, fire","Sydney West",2006-11-12,,,"factory fire"
1129,662,,"bushfire","Sydney West",2006-11-22,2006-11-22,,"Peak of Wollemi fire activity"
618,404,,"bushfire","Sydney West",2002-09-24,2002-09-26,,
1130,662,,"bushfire","Newcastle",2006-11-22,2006-11-22,,"Peak of Wollemi fire activity"
1131,663,,"bushfire","hobart",2006-12-09,2006-12-12,"6500",
1132,664,,"bushfire","hobart",2007-01-16,2007-01-18,,
1133,665,,"possible biomass","launceston",2005-06-09,,,
1134,666,,"bushfire","launceston",2005-06-08,2005-06-09,,
1135,667,,"bushfire","launceston",2005-06-29,,,
1136,668,,"bushfire","launceston",2005-06-28,2005-06-29,,
567,350,,"bushfire","PERTH",2006-12-11,2006-12-13,,
1137,669,,"bushfire","launceston",2006-06-17,,,
1138,670,,"bushfire","hobart",2006-12-10,,,
1139,670,,"bushfire","launceston",2006-12-10,,,
569,352,,"possible biomass","Newcastle",2004-05-14,,,
570,371,,"bushfire","PERTH",2004-04-01,,,
571,373,,"bushfire","Newcastle",2004-04-02,,,
1140,671,,"bushfire","PERTH",2002-12-20,,,
572,365,,"bushfire","Sydney East",2004-05-15,,,
574,365,,"bushfire","Sydney West",2004-05-15,,,
575,374,,"possible biomass","Newcastle",2004-05-08,,,
576,375,,"bushfire","PERTH",2007-01-26,2007-01-29,"7000",
577,376,,"bushfire","Sydney West",2004-05-31,,,
578,377,,"possible biomass","Illawarra",2005-04-03,,,
579,378,,"bushfire","PERTH",2007-02-03,2007-02-05,"6000",
580,380,,"bushfire","PERTH",2007-02-03,2007-02-06,"13000",
1141,672,,"possible biomass","PERTH",2001-10-31,2001-11-01,,
581,382,,"bushfire","PERTH",2007-02-01,2007-02-05,,
582,383,,"bushfire","PERTH",2007-02-01,2007-02-06,"13000",
583,384,,"possible biomass","Newcastle",2005-04-19,,,
1142,673,,"bushfire","PERTH",2002-12-23,,,
584,386,,"bushfire","PERTH",2007-11-22,2007-11-23,"12",
585,387,,"bushfire","PERTH",2007-11-22,2007-11-23,"15",
586,388,,"non-biomass, fire","PERTH",2007-11-23,,,
587,389,,"possible biomass","Illawarra",2005-06-08,,,
589,390,,"bushfire","Sydney East",2001-12-25,2002-01-04,"355000",
590,390,,"bushfire","Sydney West",2001-12-25,2002-01-04,,
591,390,,"bushfire","Newcastle",2001-12-25,2002-01-04,,
592,390,,"bushfire","Illawarra",2001-12-25,2002-01-04,,
1143,674,,"bushfire","PERTH",2006-06-16,2006-06-17,,"two images"
1069,631,,"dust","Sydney East",1994-05-24,1994-05-25,,
601,393,,"non-biomass, fire","Sydney West",2002-05-09,,,
602,394,,"bushfire","Sydney East",2005-12-17,,,
603,395,,"bushfire","Sydney East",2005-12-21,,,
1144,675,,"bushfire","Albury",2003-01-19,,,
1231,751,,"bushfire","Wagga Wagga",2009-02-09,2009-02-10,,
1232,752,,"dust","Sydney East",2003-03-20,,,
593,391,,"bushfire","Sydney West",2001-12-25,2002-01-04,"355000",
594,391,,"bushfire","Sydney East",2001-12-25,2002-01-04,"355000",
595,391,,"bushfire","Newcastle",2001-12-25,2002-01-04,"355000",
596,391,,"bushfire","Illawarra",2001-12-25,2002-01-04,"355000",
604,396,,"bushfire","Sydney West",2002-07-09,2002-07-11,,
606,397,,"bushfire","Sydney West",2005-12-23,,,
607,398,,"non-biomass, fire","Sydney West",2002-09-03,2002-09-04,,
608,399,,"prescribed burn","Sydney East",2002-09-13,2002-09-15,,"reduction bburn"
609,399,,"prescribed burn","Sydney West",2002-09-13,2002-09-15,,"reduction bburn"
620,405,,"bushfire","Sydney East",2002-09-25,,"100",
621,405,,"bushfire","Sydney West",2002-09-25,,"100",
597,392,,"bushfire","Sydney East",2001-12-25,2002-01-12,"570,000",
598,392,,"bushfire","Sydney West",2001-12-25,2002-01-12,"570,000",
599,392,,"bushfire","Newcastle",2001-12-25,2002-01-12,"570,000",
600,392,,"bushfire","Illawarra",2001-12-25,2002-01-12,"570,000",
610,401,,"prescribed burn","Sydney East",2002-09-13,2002-09-15,,"recuction burn"
611,401,,"prescribed burn","Sydney West",2002-09-13,2002-09-15,,"recuction burn"
622,406,,"possible biomass","Illawarra",2006-01-21,,,
623,405,,"bushfire","Newcastle",2002-09-25,,,
624,407,,"bushfire","Sydney East",2002-09-24,2002-09-28,,
625,407,,"bushfire","Sydney West",2002-09-24,2002-09-28,,
626,407,,"bushfire","Newcastle",2002-09-24,2002-09-28,,
612,402,,"prescribed burn","Sydney East",2002-09-13,2002-09-15,,"reduction burn-offs"
613,402,,"prescribed burn","Sydney West",2002-09-13,2002-09-15,,"reduction burn-offs"
614,403,,"bushfire","Sydney East",2005-12-31,,,
615,403,,"bushfire","Sydney West",2005-12-31,,,
616,404,,"bushfire","Sydney East",2002-09-24,2002-09-26,,
629,408,,"bushfire","Newcastle",2002-10-04,2002-10-08,,
630,408,,"bushfire","Illawarra",2002-10-04,2002-10-08,,
631,409,,"bushfire","Sydney East",2002-10-03,2002-10-10,,
632,409,,"bushfire","Sydney West",2002-10-03,2002-10-10,,
633,409,,"bushfire","Newcastle",2002-10-03,2002-10-10,,
634,409,,"bushfire","Illawarra",2002-10-03,2002-10-10,,
668,418,,"bushfire","Illawarra",2002-10-20,2002-11-20,,
1148,675,,"bushfire","Bathurst",2003-01-19,,,"no hs but smoke reaching the area"
707,432,,"bushfire","Sydney East",2006-11-20,,,
709,432,,"bushfire","Newcastle",2006-11-20,,,
710,433,,"bushfire","Sydney East",2006-11-23,,,
711,433,,"bushfire","Sydney West",2006-11-23,,,
712,433,,"bushfire","Newcastle",2006-11-23,,,
102,58,,"bushfire","Newcastle",2002-10-08,,,
1241,758,,"possible biomass","Sydney East",2002-12-03,,,
636,410,,"bushfire","Sydney West",2002-10-03,2002-10-10,,
637,410,,"bushfire","Sydney East",2002-10-03,2002-10-10,,
638,410,,"bushfire","Newcastle",2002-10-03,2002-10-10,,
639,410,,"bushfire","Illawarra",2002-10-03,2002-10-10,,
727,441,,"bushfire","Sydney East",2006-12-11,,,
669,419,,"bushfire","Sydney East",2002-12-03,2002-12-09,,
672,419,,"bushfire","Sydney West",2002-12-03,2002-12-09,,
640,411,,"possible biomass","Newcastle",2006-02-13,,,"two other hs vis vis smoke that could reach newcastle reion are vis on this photos"
642,412,,"bushfire","Sydney West",2002-10-17,2002-10-21,,
643,412,,"bushfire","Newcastle",2002-10-17,2002-10-21,,
644,412,,"bushfire","Illawarra",2002-10-17,2002-10-21,,
673,419,,"bushfire","Newcastle",2002-12-03,2002-12-09,,
674,419,,"bushfire","Illawarra",2002-12-03,2002-12-09,,
713,434,,"possible biomass","Illawarra",2006-11-25,,,
715,434,,"bushfire","Sydney East",2006-11-25,,,
716,434,,"bushfire","Sydney West",2006-11-25,,,
645,413,,"bushfire","Sydney East",2002-10-17,2002-10-29,,
646,413,,"bushfire","Sydney West",2002-10-17,2002-10-29,,
647,413,,"bushfire","Newcastle",2002-10-17,2002-10-29,,
648,413,,"bushfire","Illawarra",2002-10-17,2002-10-29,,
676,420,,"bushfire","Sydney East",2002-12-16,,,
677,420,,"bushfire","Sydney West",2002-12-16,,,
679,421,,"bushfire","Sydney West",2006-04-04,,,
649,414,,"bushfire","Sydney East",2002-11-03,2002-11-07,,
650,414,,"bushfire","Sydney West",2002-11-03,2002-11-07,,
651,414,,"bushfire","Newcastle",2002-11-03,2002-11-07,,
652,414,,"bushfire","Illawarra",2002-11-03,2002-11-07,,
681,421,,"bushfire","Sydney East",2006-04-04,,,
683,422,,"possible biomass","Sydney East",2006-04-06,,,
684,422,,"bushfire","Sydney West",2006-04-06,,,
685,422,,"possible biomass","Illawarra",2006-04-06,,,
656,416,,"bushfire","Sydney East",2002-11-04,2002-11-08,,
657,416,,"bushfire","Sydney West",2002-11-04,2002-11-08,,
658,416,,"bushfire","Newcastle",2002-11-04,2002-11-08,,
659,416,,"bushfire","Illawarra",2002-11-04,2002-11-08,,
689,424,,"bushfire","Sydney East",2003-01-28,,,
691,424,,"bushfire","Sydney East",2003-01-28,,,
692,424,,"bushfire","Sydney West",2003-01-28,,,
693,424,,"bushfire","Newcastle",2003-01-28,,,
661,417,,"bushfire","Sydney East",2002-11-03,2002-11-06,,
662,417,,"bushfire","Sydney West",2002-11-03,2002-11-06,,
663,417,,"bushfire","Newcastle",2002-11-03,2002-11-06,,
664,417,,"bushfire","Illawarra",2002-11-03,2002-11-06,,
694,425,,"bushfire","Sydney East",2003-01-20,,,
695,425,,"bushfire","Sydney West",2003-01-20,,,
717,435,,"bushfire","Sydney East",2006-11-28,,,
665,418,,"bushfire","Sydney East",2002-10-20,2002-11-20,"70000",
666,418,,"bushfire","Sydney West",2002-10-20,2002-11-20,"70000",
667,418,,"bushfire","Newcastle",2002-10-20,2002-11-20,"70000",
696,426,,"bushfire","Sydney East",2003-01-21,,,"combination dust and vapor"
697,426,,"bushfire","Sydney West",2003-01-21,,,"combination dust and vapor"
718,435,,"bushfire","Sydney West",2006-11-28,,,
699,427,,"bushfire","Sydney East",2003-01-27,,,
701,427,,"bushfire","Sydney West",2003-01-27,,,
702,428,,"bushfire","Sydney West",2006-11-01,,,
703,429,,"bushfire","Sydney East",2003-01-25,,,
704,429,,"bushfire","Sydney West",2003-01-25,,,
705,430,,"bushfire","Sydney East",2006-11-15,,,
706,430,,"bushfire","Sydney West",2006-11-15,,,
719,436,,"bushfire","Newcastle",2006-11-29,,,
720,436,,"bushfire","Sydney East",2006-11-29,,,
721,436,,"bushfire","Sydney West",2006-11-29,,,
722,437,,"bushfire","Sydney East",2003-01-22,2003-01-27,,
723,437,,"bushfire","Sydney West",2003-01-22,2003-01-27,,
724,439,,"bushfire","Newcastle",2003-01-22,2003-01-25,,
725,439,,"bushfire","Sydney East",2003-01-22,2003-01-25,,
726,439,,"bushfire","Sydney West",2003-01-22,2003-01-25,,
728,441,,"possible biomass","Illawarra",2006-12-11,,,
730,442,,"possible biomass","Sydney East",2007-01-12,,,
731,442,,"possible biomass","Sydney West",2007-01-12,,,
732,442,,"possible biomass","Illawarra",2007-01-12,,,
737,447,,"possible biomass","PERTH",2004-12-19,,,
738,448,,"bushfire","PERTH",2004-12-26,,,
739,449,,"bushfire","PERTH",2004-12-27,,,
733,443,,"bushfire","Illawarra",2007-01-20,,,
734,444,,"bushfire","PERTH",2003-11-29,,,
735,445,,"possible biomass","PERTH",2004-01-03,,,
736,446,,"possible biomass","PERTH",2004-12-15,,,
740,450,,"possible biomass","PERTH",2005-01-14,,,
741,451,,"bushfire","PERTH",2005-01-21,,,
742,452,,"bushfire","PERTH",2005-01-22,,,
743,454,,"possible biomass","PERTH",2005-01-23,,,
744,455,,"possible biomass","PERTH",2005-11-06,,,
745,456,,"bushfire","Newcastle",2003-11-16,,,"cloud cover"
746,456,,"possible biomass","Sydney East",2003-11-16,,,"cloud cover"
749,458,,"bushfire","Sydney East",2004-01-09,,,
750,458,,"bushfire","Sydney West",2004-01-09,,,
751,460,,"bushfire","Newcastle",2001-01-23,2001-01-25,,
753,461,,"possible biomass","Sydney East",2004-10-13,,,"no vis smoke here"
754,461,,"possible biomass","Sydney West",2004-10-13,,,"no vis smoke here"
755,461,,"possible biomass","Newcastle",2004-10-13,,,"no vis smoke here"
1147,676,,"bushfire","Bathurst",2003-01-21,,,"no hs vis in bathurst, but smoke from surrounding fires could reach the area"
1065,630,,"dust","Sydney East",2002-10-23,2002-10-24,,
803,492,,"bushfire","Sydney East",2004-10-12,2004-10-13,"200",
238,126,,"prescribed burn","Sydney West",2003-09-04,2003-09-06,,
804,492,,"bushfire","Sydney West",2004-10-12,2004-10-13,"200",
805,492,,"bushfire","Newcastle",2004-10-12,2004-10-13,"200",
806,492,,"bushfire","Illawarra",2004-10-12,2004-10-13,"200",
1242,759,,"possible biomass","Sydney East",2003-09-21,,,
757,462,,"bushfire","Sydney East",2000-12-26,,,
758,462,,"bushfire","Sydney West",2000-12-26,,,
759,463,,"possible biomass","Sydney East",2004-11-27,,,
760,463,,"possible biomass","Illawarra",2004-11-27,,,
761,464,,"bushfire","Sydney East",2005-01-12,,,
762,465,,"bushfire","Newcastle",2005-02-05,,,
763,466,,"possible biomass","Sydney East",2006-02-18,,,
764,467,,"bushfire","Newcastle",2001-10-30,2001-10-31,,
765,468,,"bushfire","Newcastle",2001-11-01,2001-11-02,,
766,469,,"bushfire","Newcastle",2001-11-01,2001-11-02,,
767,470,,"bushfire","Sydney East",2006-09-28,2006-09-29,,
768,470,,"bushfire","Sydney West",2006-09-28,,,
769,470,,"bushfire","Newcastle",2006-09-28,,,
837,509,,"possible biomass","Illawarra",2003-03-19,2003-03-20,,
770,471,,"possible biomass","Sydney East",2006-10-08,,,
771,471,,"possible biomass","Illawarra",2006-10-08,,,
772,472,,"bushfire","Newcastle",2003-12-26,,,
773,472,,"bushfire","Sydney East",2003-12-26,,,
774,473,,"possible biomass","Illawarra",2006-10-13,,,"can't distiguish if smoke present or cloud!!!"
775,474,,"bushfire","Sydney East",2003-09-23,2003-09-26,,
776,475,,"bushfire","Sydney East",2003-12-24,2003-12-26,,
777,475,,"bushfire","Sydney West",2003-12-24,2003-12-26,,
778,476,,"possible biomass","Illawarra",2007-01-20,,,
781,477,,"prescribed burn","Sydney East",2003-09-04,2003-09-05,"375",
782,477,,"prescribed burn","Sydney West",2003-09-04,2003-09-05,"375",
827,502,,"bushfire","Newcastle",2002-11-12,2002-11-13,,
828,504,,"bushfire","Newcastle",2002-11-24,2002-11-25,,
829,504,,"bushfire","Illawarra",2002-11-24,2002-11-25,,
831,504,,"bushfire","Sydney West",2002-11-24,2002-11-25,,
783,478,,"bushfire","Newcastle",2007-01-22,,,
784,479,,"bushfire","Sydney West",2007-01-23,,,
785,480,,"possible biomass","Sydney East",2007-01-28,,,
786,480,,"possible biomass","Sydney West",2007-01-28,,,
787,480,,"possible biomass","Illawarra",2007-01-28,,,
788,481,,"bushfire","Newcastle",2007-01-29,,,
789,482,,"non-biomass, non-fire","Sydney East",2004-02-09,2004-02-11,,
790,482,,"non-biomass, non-fire","Sydney West",2004-02-09,2004-02-11,,
838,510,,"possible biomass","Sydney West",2003-04-07,2003-04-08,,
791,483,,"possible biomass","Newcastle",2007-01-31,,,
792,484,,"possible biomass","Illawarra",2007-03-03,,,
793,485,,"non-biomass, fire","Sydney West",2004-04-02,,,
794,486,,"non-biomass, fire","Sydney West",2004-05-07,2004-05-09,,
795,487,,"bushfire","Sydney East",2007-10-01,,,
796,488,,"bushfire","Illawarra",2004-08-13,2004-08-14,,
797,489,,"bushfire","Newcastle",2007-10-02,,,
798,490,,"possible biomass","Newcastle",2007-10-04,,,
799,491,,"bushfire","Sydney East",2004-10-12,2004-10-13,"1000",
800,491,,"bushfire","Sydney West",2004-10-12,2004-10-13,"1000",
801,491,,"bushfire","Illawarra",2004-10-12,2004-10-13,"1000",
802,491,,"bushfire","Newcastle",2004-10-12,2004-10-13,"1000",
807,493,,"bushfire","Newcastle",2007-10-05,,,
808,494,,"bushfire","Sydney East",2004-11-30,2004-12-01,,
811,494,,"bushfire","Sydney West",2004-11-30,2004-12-01,,
812,494,,"bushfire","Newcastle",2004-11-30,2004-12-01,,
839,511,,"bushfire","Sydney East",2005-12-21,2005-12-23,,
840,511,,"bushfire","Sydney West",2005-12-21,2005-12-23,,
815,495,,"bushfire","Illawarra",2002-01-08,,,
816,495,,"bushfire","Sydney East",2002-01-08,,,
817,495,,"bushfire","Sydney West",2002-01-08,,,
841,511,,"bushfire","Newcastle",2005-12-21,2005-12-23,,
818,496,,"possible biomass","Newcastle",2001-10-28,2001-10-29,,
819,497,,"bushfire","Sydney West",2002-01-10,2002-01-11,,
820,498,,"non-biomass, fire","Sydney West",2005-02-04,,,
821,498,,"non-biomass, fire","Sydney East",2005-02-04,,,
822,499,,"possible biomass","Illawarra",2002-10-06,,,
823,500,,"bushfire","Newcastle",2002-10-16,2002-10-17,,
824,501,,"bushfire","Sydney East",2002-11-07,2002-11-08,,
825,501,,"bushfire","Sydney West",2002-11-07,2002-11-08,,
826,501,,"bushfire","Newcastle",2002-11-07,2002-11-08,,
842,511,,"bushfire","Illawarra",2005-12-21,2005-12-23,,
844,513,,"bushfire","Sydney West",2005-12-31,,,
833,505,,"non-biomass, fire","Sydney West",2005-06-09,2005-06-10,,
834,506,,"non-biomass, fire","Sydney West",2005-06-09,2005-06-10,,
835,507,,"bushfire","Sydney West",2002-12-14,2002-12-15,,
836,508,,"non-biomass, fire","Sydney East",2005-08-19,2005-08-20,,
847,514,,"bushfire","Sydney West",2005-12-28,,,
843,512,,"bushfire","Sydney East",2005-12-22,2005-12-25,,
848,515,,"bushfire","Illawarra",2004-03-25,2004-03-26,,
849,516,,"bushfire","Sydney East",2006-01-03,2006-01-04,,
850,516,,"bushfire","Newcastle",2006-01-03,2006-01-04,,
851,517,,"possible biomass","Newcastle",2004-03-30,2004-03-31,,
852,518,,"non-biomass, fire","Sydney East",2006-09-02,,,
853,519,,"bushfire","Sydney West",2004-05-06,2004-05-07,,
854,520,,"possible biomass","Newcastle",2004-05-17,2004-05-18,,"smoke???"
855,521,,"bushfire","Sydney West",2004-05-21,2004-05-22,,
856,522,,"bushfire","Sydney East",2006-02-12,,,
857,523,,"possible biomass","Sydney West",2004-06-01,2004-06-02,,"to validate june 2"
1151,678,,"bushfire","launceston",2006-12-10,2006-12-12,,
858,524,,"non-biomass, fire","Sydney East",2006-02-18,,,
859,525,,"possible biomass","Illawarra",2004-11-29,2004-11-30,,
860,526,,"possible biomass","Sydney East",2005-02-07,2005-02-08,,"for feb 8"
862,526,,"possible biomass","Illawarra",2005-02-07,2005-02-08,,
939,247,,"prescribed burn","Sydney West",2003-09-05,2003-09-06,,
408,215,,"non-biomass, non-fire","Sydney East",2005-06-06,2005-06-08,,
863,527,,"bushfire","Sydney East",2006-09-23,2006-09-25,"2000",
864,527,,"bushfire","Sydney West",2006-09-23,2006-09-25,"2000",
865,527,,"bushfire","Illawarra",2006-09-23,2006-09-25,"2000",
866,527,,"bushfire","Newcastle",2006-09-23,2006-09-25,"2000",
895,52,,"bushfire","Sydney East",2002-01-02,2002-01-04,,
896,52,,"bushfire","Illawarra",2002-01-02,2002-01-04,,
927,556,,"bushfire","Newcastle",2007-10-01,2007-10-06,"2270",
897,543,,"possible biomass","Newcastle",2006-09-19,2006-09-20,,"for sep 20"
898,544,,"bushfire","Sydney East",2007-01-07,2007-01-08,,
867,528,,"bushfire","Sydney East",2006-09-23,2006-09-25,,
868,528,,"bushfire","Sydney West",2006-09-23,2006-09-25,,
869,528,,"bushfire","Newcastle",2006-09-23,2006-09-25,,
870,528,,"bushfire","Illawarra",2006-09-23,2006-09-25,,
899,544,,"bushfire","Sydney West",2007-01-07,2007-01-08,,
900,544,,"bushfire","Illawarra",2007-01-07,2007-01-08,,
901,544,,"bushfire","Newcastle",2007-01-07,2007-01-08,,
919,553,,"bushfire","Newcastle",2007-10-01,2007-10-06,,
920,553,,"bushfire","Sydney East",2007-10-01,2007-10-06,,
921,553,,"bushfire","Sydney West",2007-10-01,2007-10-06,,
871,529,,"bushfire","Sydney East",2006-10-08,2006-10-09,"250",
872,530,,"bushfire","Sydney East",2006-10-11,2006-10-12,"5",
873,531,,"bushfire","Sydney East",2006-10-11,2006-10-13,"45",
874,531,,"bushfire","Sydney West",2006-10-11,2006-10-13,"45",
875,531,,"bushfire","Newcastle",2006-10-11,2006-10-13,"20",
876,532,,"bushfire","Sydney East",2006-10-11,2006-10-13,,
877,532,,"bushfire","Sydney West",2006-10-11,2006-10-13,,
878,532,,"bushfire","Newcastle",2006-10-11,2006-10-13,,
902,545,,"possible biomass","Sydney East",2006-11-11,2006-11-12,,
903,546,,"bushfire","Sydney West",2007-01-21,2007-01-23,"100",
904,547,,"bushfire","Newcastle",2006-11-23,2006-11-24,,
879,533,,"non-biomass, fire","Sydney East",2006-11-12,2006-11-13,,
880,533,,"non-biomass, fire","Sydney West",2006-11-12,2006-11-13,,
905,547,,"bushfire","Sydney East",2006-11-23,2006-11-24,,
881,534,,"possible biomass","Illawarra",2004-12-15,2004-12-16,,
882,535,,"possible biomass","Sydney East",2006-01-03,2006-01-04,,
883,535,,"possible biomass","Newcastle",2006-01-03,2006-01-04,,
906,547,,"bushfire","Sydney West",2006-11-23,2006-11-24,,
885,536,,"bushfire","Sydney West",2006-11-20,2006-11-25,"53000",
886,536,,"bushfire","Newcastle",2006-11-20,2006-11-25,"53000",
928,557,,"possible biomass","Newcastle",2002-03-17,2002-03-18,,
907,546,,"bushfire","Sydney East",2007-01-21,2007-01-23,"100",
908,548,,"bushfire","Sydney East",2006-01-21,2006-01-23,,
887,537,,"bushfire","Sydney East",2006-11-20,,,
888,537,,"bushfire","Sydney West",2006-11-20,,,
909,548,,"bushfire","Sydney West",2006-01-21,2006-01-23,,
889,538,,"non-biomass, fire","Sydney East",2006-11-22,,,
890,539,,"bushfire","Sydney East",2006-12-02,,,
891,539,,"bushfire","Sydney West",2006-12-02,,,
892,540,,"possible biomass","Illawarra",2006-03-12,2006-03-13,,
893,541,,"bushfire","Sydney West",2006-12-11,2006-12-12,"160",
894,542,,"bushfire","Sydney West",2006-12-11,,,
910,549,,"possible biomass","Illawarra",2006-12-21,2006-12-22,,
911,550,,"bushfire","Sydney East",2007-01-20,2007-01-21,"30",
912,550,,"bushfire","Sydney West",2007-01-20,2007-01-21,,
913,550,,"bushfire","Newcastle",2007-01-20,2007-01-21,,
914,551,,"possible biomass","Sydney West",2007-01-10,2007-01-11,,
915,551,,"possible biomass","Illawarra",2007-01-10,2007-01-11,,
922,555,,"bushfire","Newcastle",2007-10-01,2007-10-05,,
165,88,,"bushfire","Sydney East",2002-12-07,2002-12-08,,
916,552,,"bushfire","Sydney East",2007-10-02,2007-10-04,,
917,552,,"bushfire","Sydney West",2007-10-02,2007-10-04,,
918,552,,"bushfire","Newcastle",2007-10-02,2007-10-04,,
929,558,,"possible biomass","Newcastle",2002-03-19,2002-03-20,,
923,555,,"bushfire","Sydney East",2007-10-01,2007-10-05,,
924,555,,"bushfire","Sydney West",2007-10-01,2007-10-05,,
930,65,,"bushfire","Sydney East",2002-10-30,,,
931,65,,"bushfire","Sydney West",2002-10-30,,,
932,65,,"possible biomass","Illawarra",2002-10-30,,,
814,41,,"bushfire","Sydney East",2001-12-25,2001-12-26,,
72,43,,"bushfire","Sydney East",2001-12-28,2001-12-30,,
925,556,,"bushfire","Sydney East",2007-10-01,2007-10-06,"2270",
933,66,,"bushfire","Sydney East",2002-10-31,,,
934,66,,"bushfire","Sydney West",2002-10-31,,,
935,559,,"bushfire","Newcastle",2003-01-31,2003-02-01,,
936,559,,"bushfire","Sydney East",2003-01-31,,,
937,559,,"bushfire","Illawarra",2003-01-31,,,
940,520,,"possible biomass","Illawarra",2004-05-17,2004-05-18,,
941,520,,"possible biomass","Sydney West",2004-05-17,2004-05-18,,
943,561,,"bushfire","Sydney East",2007-10-16,,,
756,461,,"bushfire","Illawarra",2004-10-13,2004-10-14,,
942,560,,"possible biomass","Sydney East",2005-02-14,2005-02-15,,
944,561,,"bushfire","Illawarra",2007-10-16,,,
945,562,,"non-biomass, fire","Sydney West",2007-10-29,2007-10-30,,
946,563,,"possible biomass","Illawarra",2005-12-15,2005-12-16,,
947,564,,"possible biomass","Sydney West",2007-05-07,2007-05-08,,
948,565,,"bushfire","Newcastle",2006-10-12,2006-10-13,,
949,566,,"possible biomass","Newcastle",2008-09-19,,,
950,567,,"dust","Sydney East",2008-09-21,2008-09-22,,
951,155,,"bushfire","Sydney West",1998-03-23,1998-03-30,,
952,568,,"bushfire","Sydney West",2007-10-15,2007-10-16,,
336,46,,"bushfire","Newcastle",1997-12-01,1997-12-08,"100000",
1152,679,,"bushfire","Bathurst",2003-01-18,,,
954,569,,"possible biomass","Illawarra",2007-10-18,2007-10-19,,
955,570,,"bushfire","Sydney East",2007-10-20,2007-10-21,,"two photos"
956,570,,"bushfire","Sydney West",2007-10-20,2007-10-21,,"two photos"
957,570,,"bushfire","Newcastle",2007-10-20,2007-10-21,,"two photos"
1003,598,,"possible biomass","Sydney East",2009-03-05,2009-03-06,,
1004,598,,"possible biomass","Sydney West",2009-03-05,2009-03-06,,
1005,599,,"bushfire","Sydney East",1994-01-10,1994-01-14,,
1006,599,,"bushfire","Sydney West",1994-01-10,1994-01-14,,
1007,599,,"bushfire","Illawarra",1994-01-10,1994-01-14,,
1154,680,,"bushfire","Tamworth",2003-01-22,,,
1155,680,,"bushfire","Bathurst",2003-01-22,,,
1156,680,,"bushfire","Wagga Wagga",2003-01-22,,,
958,571,,"possible biomass","Illawarra",2007-10-21,,,
959,572,,"bushfire","Illawarra",2008-10-03,,,
960,573,,"possible biomass","Sydney East",2008-09-21,,,
961,573,,"possible biomass","Sydney West",2008-09-21,,,
1248,764,,"prescribed burn","Sydney East",1994-05-30,1994-05-31,,
962,574,,"possible biomass","Illawarra",2008-10-02,2008-10-03,,
963,576,,"possible biomass","Sydney East",2008-11-14,,,
964,576,,"possible biomass","Sydney West",2008-11-14,,,
965,577,,"possible biomass","Sydney East",2008-12-31,,,
966,577,,"possible biomass","Sydney West",2008-12-31,,,
967,578,,"bushfire","Illawarra",2009-01-06,,,
968,579,,"possible biomass","Illawarra",2009-01-07,,,
969,580,,"possible biomass","Illawarra",2009-01-14,,,
970,581,,"possible biomass","Newcastle",2009-01-15,,,
971,582,,"bushfire","Sydney East",2009-01-06,2009-01-07,,
972,582,,"bushfire","Sydney West",2009-01-06,2009-01-07,,
973,582,,"bushfire","Illawarra",2009-01-06,2009-01-07,,
1036,621,,"bushfire","Sydney East",1994-01-04,1994-01-15,"400000",
1037,621,,"bushfire","Sydney West",1994-01-04,1994-01-15,"400000",
1008,600,,"possible biomass","PERTH",2002-12-05,2002-12-06,,
974,583,,"bushfire","Illawarra",2009-01-06,2009-01-07,,
975,584,,"bushfire","Sydney East",2009-01-04,2009-01-07,,
976,584,,"bushfire","Sydney West",2009-01-04,2009-01-07,,
977,584,,"bushfire","Illawarra",2009-01-04,2009-01-07,,
1009,601,,"possible biomass","PERTH",2003-01-02,2003-01-03,,
1010,602,,"possible biomass","PERTH",2004-03-25,2004-03-26,,
1011,603,,"possible biomass","PERTH",2004-04-06,2004-04-07,,
1012,605,,"possible biomass","PERTH",2004-12-09,2004-12-10,,
978,585,,"possible biomass","Illawarra",2009-01-04,2009-01-05,,
979,586,,"bushfire","Sydney East",2009-01-15,2009-01-16,,
980,586,,"bushfire","Sydney West",2009-01-15,2009-01-16,,
981,587,,"bushfire","Sydney East",2009-01-14,2009-01-16,,
982,587,,"bushfire","Sydney West",2009-01-14,2009-01-16,,
983,588,,"bushfire","Sydney East",2009-01-14,2009-01-16,,
984,588,,"bushfire","Sydney West",2009-01-14,2009-01-16,,
1013,606,,"possible biomass","PERTH",2005-01-05,2005-01-06,,
1014,607,,"possible biomass","PERTH",2005-11-25,2005-11-26,,
985,589,,"bushfire","Sydney East",2009-01-20,2009-01-21,,
986,589,,"bushfire","Sydney West",2009-01-20,2009-01-21,,
1015,608,,"bushfire","PERTH",2006-01-23,2006-01-24,,
987,590,,"bushfire","Sydney East",2009-01-24,2009-01-25,,
988,590,,"bushfire","Sydney West",2009-01-24,2009-01-25,,
989,591,,"bushfire","Sydney East",2009-02-06,2009-02-07,,
990,591,,"bushfire","Sydney West",2009-02-06,2009-02-07,,
1016,609,,"bushfire","PERTH",2006-05-08,2006-05-09,,
1017,610,,"possible biomass","PERTH",2006-11-13,2006-11-14,,
991,592,,"bushfire","Sydney East",2009-02-06,2009-02-09,"300",
992,592,,"bushfire","Sydney West",2009-02-06,2009-02-09,"300",
993,592,,"bushfire","Illawarra",2009-02-06,2009-02-09,"2000",
994,592,,"bushfire","Newcastle",2009-02-06,2009-02-09,,
1018,611,,"possible biomass","PERTH",2006-12-10,2006-12-11,,
1019,612,,"possible biomass","PERTH",2006-12-14,2006-12-15,,
1020,613,,"possible biomass","PERTH",2007-11-12,2007-11-13,,
1021,614,,"non-biomass, fire","Sydney West",2009-03-04,2009-03-05,,
1022,615,,"bushfire","Sydney West",2003-01-16,2003-01-19,,
1023,615,,"bushfire","Sydney East",2003-01-16,2003-01-19,,
1024,616,,"bushfire","Sydney East",2003-01-17,2003-01-19,,
995,593,,"bushfire","Sydney East",2009-02-06,,,
996,593,,"bushfire","Sydney West",2009-02-06,,"1000",
997,593,,"bushfire","Newcastle",2009-02-06,,"1000",
998,593,,"bushfire","Illawarra",2009-02-06,,,
1025,616,,"bushfire","Sydney West",2003-01-17,2003-01-19,,
999,594,,"bushfire","Sydney West",2009-02-07,,,
1000,595,,"bushfire","Newcastle",2009-02-09,,,
1001,596,,"possible biomass","Newcastle",2009-02-24,2009-02-25,,
1002,597,,"possible biomass","Sydney East",2009-03-05,,,
1026,617,,"bushfire","Sydney East",1996-12-01,1996-12-04,"12000",
1027,617,,"bushfire","Sydney West",1996-12-01,,"12000",
1029,619,,"bushfire","Sydney East",1994-11-06,1994-11-09,"2000",
1030,619,,"bushfire","Sydney West",1994-11-06,1994-11-09,"2000",
1031,619,,"bushfire","Newcastle",1994-11-06,1994-11-09,"2000",
1032,619,,"bushfire","Illawarra",1994-11-06,1994-11-08,"2000",
1033,620,,"bushfire","Sydney West",1997-12-02,1997-12-04,,
1034,620,,"bushfire","Sydney East",1997-12-02,1997-12-04,,
1035,620,,"bushfire","Newcastle",1997-12-02,1997-12-04,,
1038,621,,"bushfire","Illawarra",1994-01-04,1994-01-15,"400000",
1039,621,,"bushfire","Newcastle",1994-01-04,1994-01-15,"400000",
1040,622,,"bushfire","Sydney East",2006-10-08,2006-10-09,,
1041,623,,"prescribed burn","Sydney East",2003-09-04,2003-09-06,,
1048,626,,"possible biomass","Sydney West",2004-02-05,2004-02-06,,
1042,623,,"prescribed burn","Sydney West",2003-09-04,2003-09-06,,
1044,625,,"bushfire","Sydney West",2001-12-25,2001-12-31,,
1046,625,,"bushfire","Illawarra",2001-12-25,2001-12-31,,
1047,626,,"possible biomass","Sydney East",2004-02-05,2004-02-06,,
1051,626,,"possible biomass","Illawarra",2004-02-05,2004-02-06,,
1053,627,,"bushfire","Sydney West",2000-10-05,2000-10-07,,
1054,627,,"bushfire","Newcastle",2000-10-05,2000-10-07,,
1052,627,,"bushfire","Sydney East",2000-10-05,2000-10-07,,
1056,628,,"prescribed burn","Sydney East",1995-08-08,1995-08-11,,
1060,628,,"prescribed burn","Sydney West",1995-08-08,1995-08-11,,
1061,628,,"prescribed burn","Illawarra",1995-08-08,1995-08-11,,
1062,628,,"prescribed burn","Newcastle",1995-08-08,1995-08-11,,
1097,646,,"bushfire","Illawarra",1997-11-26,1998-01-01,"100000","Many fires burnt ~100 000 ha in N and S Blue Mountains starting Nov 26th, most burnt into january 1998"
1098,647,,"bushfire","Sydney East",2000-10-07,2000-10-07,"464","464 Ha Bantry Bay fire starts in Warringah, North Sydney"
1157,680,,"bushfire","Albury",2003-01-22,,,
337,46,,"bushfire","Illawarra",1997-12-01,1997-12-08,"100000",
1249,765,,"bushfire","Sydney East",1994-11-21,,"63ha burnt in Yengo",
1063,629,,"non-biomass, non-fire","Sydney East",1994-08-15,1994-08-16,,"car pollution"
1064,629,,"non-biomass, non-fire","Sydney West",1994-08-15,1994-08-16,,"car pollution"
1099,648,,"bushfire","Newcastle",2001-12-21,2001-12-21,"88000","88000 Ha Martindale Fire starts near Cessnock, 70 km from Newcastle"
1100,648,,"bushfire","Sydney West",2001-12-21,2001-12-21,"88000","88000 Ha Martindale Fire starts near Cessnock, 70 km from Newcastle"
1101,649,,"bushfire","Illawarra",2001-12-24,2002-01-22,,"Many large fires around sydney started 24th December and burnt until Bushfire emergency rescinded 22nd Jan 2002"
953,568,,"bushfire","Illawarra",2007-10-15,2007-10-16,,
1102,649,,"bushfire","Sydney East",2001-12-24,2002-01-22,,"Many large fires around sydney started 24th December and burnt until Bushfire emergency rescinded 22nd Jan 2002"
1066,630,,"dust","Sydney West",2002-10-23,2002-10-24,,
1067,630,,"dust","Newcastle",2002-10-23,2002-10-24,,
1068,630,,"dust","Illawarra",2002-10-23,2002-10-24,,
1103,649,,"bushfire","Sydney West",2001-12-24,2002-01-22,,"Many large fires around sydney started 24th December and burnt until Bushfire emergency rescinded 22nd Jan 2002"
1104,649,,"bushfire","Newcastle",2001-12-24,2002-01-22,,"Many large fires around sydney started 24th December and burnt until Bushfire emergency rescinded 22nd Jan 2002"
1106,650,,"bushfire","Newcastle",2002-10-05,2002-12-21,"87000","87000 ha fire starts about 60 km W from Newcastle. Burnt until 21st December"
1107,651,,"bushfire","Newcastle",2002-10-23,2002-10-28,"43","A 43 ha fire starts at Timber Beach in Newcastle. Burns til 28th"
1108,652,,"bushfire","Newcastle",2002-11-25,2002-12-18,"25000","25000 ha fire starts on 24th Nov  (40 km w of Newcastle). Burns until 18th December"
1070,631,,"dust","Sydney West",1994-05-24,1994-05-25,,
1071,632,,"possible biomass","Sydney East",2006-10-07,2006-10-08,,
1072,632,,"possible biomass","Sydney West",2006-10-07,2006-10-08,,
1073,632,,"possible biomass","Illawarra",2006-10-07,2006-10-08,,
1109,653,,"bushfire","Sydney East",2002-12-04,2002-12-04,"42000","42000 ha fire starts on the Hawksbury River (20 km from Sydney)."
1110,653,,"bushfire","Sydney West",2002-12-04,2002-12-04,"42000","42000 ha fire starts on the Hawksbury River (20 km from Sydney)."
1111,654,,"bushfire","Sydney West",2002-12-05,2003-02-17,"7000","7000 ha fire starts in Blackheath, Blue Mountains. Burns until 17th Feb 2003"
1112,655,,"bushfire","Sydney West",2002-12-07,2002-12-07,"9000","9000 ha fire starts on Sydneys SW outskirts (Heathcote NP)."
1113,656,,"bushfire","Sydney West",2003-01-08,2003-02-26,"90000","Approx 90000 ha fire multiple starts on 6-7th Jan in Wollemi NP, Burns until 26th Feb 2003"
1074,633,,"bushfire","Sydney West",2006-10-31,2006-11-01,,
1075,634,,"bushfire","Sydney West",2006-11-14,2006-11-15,,
1076,634,,"bushfire","Newcastle",2006-11-14,2006-11-15,,
1077,635,,"bushfire","Illawarra",2006-11-24,2006-11-27,,
1078,636,,"prescribed burn","Sydney East",1995-08-09,1995-08-10,,
1079,636,,"prescribed burn","Sydney West",1995-08-09,1995-08-10,,
1080,636,,"prescribed burn","Illawarra",1995-08-09,1995-08-10,,
1114,656,,"bushfire","Sydney East",2003-01-08,2003-02-26,"90000","Approx 90000 ha fire multiple starts on 6-7th Jan in Wollemi NP, Burns until 26th Feb 2003"
1115,656,,"bushfire","Newcastle",2003-09-01,2003-02-26,"90000","Approx 90000 ha fire multiple starts on 6-7th Jan in Wollemi NP, Burns until 26th Feb 2003"
1116,657,,"bushfire","Illawarra",2003-01-09,2003-01-09,"4000","4000 ha fire starts 15 km W of Wollongong"
1117,658,,"prescribed burn","Sydney East",2003-09-06,2003-09-06,,"Several 100 ha Prescribed Burns in Kurringai NP, N of Sydney. Not likely to be responsible esp for W Sydney"
1118,659,,"bushfire","Sydney East",2004-12-08,2004-12-16,"1500","1500 ha Ellis Trig fire starts 8th Dec in Kuringai NP on Sydneys N outskirts. Burns until 16th Dec"
1081,636,,"prescribed burn","Newcastle",1995-08-09,1995-08-10,,
1082,637,,"bushfire","Sydney East",1994-01-11,1994-01-13,,
1083,637,,"bushfire","Sydney West",1994-01-11,1994-01-13,,
1084,637,,"bushfire","Newcastle",1994-01-11,1994-01-13,,
1119,659,,"bushfire","Sydney West",2004-12-08,2004-12-16,"1500","1500 ha Ellis Trig fire starts 8th Dec in Kuringai NP on Sydneys N outskirts. Burns until 16th Dec"
1120,660,,"bushfire","Sydney East",2006-01-01,2006-01-01,"2100","2100 ha Quarry Fire starts near Gosford"
1085,637,,"bushfire","Illawarra",1994-01-11,1994-01-13,,
1086,638,,"bushfire","Sydney East",2001-11-05,2001-11-06,,
1087,638,,"bushfire","Sydney West",2001-11-05,2001-11-06,,
402,211,,"bushfire","Sydney West",1997-11-29,1997-12-08,,
525,307,,"possible biomass","Sydney West",2002-10-29,,,
747,456,,"possible biomass","Sydney West",2003-11-16,,,"cloud cover"
926,556,,"bushfire","Sydney West",2007-10-01,2007-10-06,"2270",
938,559,,"bushfire","Sydney West",2003-01-31,,,
1088,643,,"bushfire","Sydney West",1994-01-07,1994-01-10,,"Major Royal National Park Fire (between Sydney and Wollongong), ignited 5/01/94, burnt until 10/01/94"
1089,644,,"bushfire","Illawarra",1994-11-06,1994-11-07,"5000","5000ha near Lake Burragorang"
1090,644,,"bushfire","Newcastle",1994-11-06,1994-11-07,"5000","5000ha near Lake Burragorang"
1091,644,,"bushfire","Sydney East",1994-11-06,1994-11-07,"5000","5000ha near Lake Burragorang"
1092,644,,"bushfire","Sydney West",1994-11-06,1994-11-07,"5000","5000ha near Lake Burragorang"
1093,645,,"bushfire","Newcastle",1995-03-23,1995-03-23,"20000","Possibly  20 000 ha northern wollemi"
1094,646,,"bushfire","Illawarra",1997-11-26,1998-01-01,"100000","Many fires burnt ~100 000 ha in N and S Blue Mountains starting Nov 26th, most burnt into january 1998"
1095,646,,"bushfire","Sydney East",1997-11-26,1998-01-01,"100000","Many fires burnt ~100 000 ha in N and S Blue Mountains starting Nov 26th, most burnt into january 1998"
1096,646,,"bushfire","Sydney West",1997-11-26,1998-01-01,"100000","Many fires burnt ~100 000 ha in N and S Blue Mountains starting Nov 26th, most burnt into january 1998"
1272,783,,"bushfire","Sydney East",1994-05-26,,,
1250,766,,"bushfire","Sydney East",1994-12-20,,"25 ha",
1251,767,,"bushfire","Sydney East",1994-10-07,,,
1252,768,,"bushfire","Sydney East",1998-03-23,,,
1253,769,,"possible biomass","Illawarra",2003-01-18,,,
1254,770,,"possible biomass","Illawarra",2003-01-27,,,
1255,771,,"possible biomass","Illawarra",2003-01-29,2003-01-30,,
1256,771,,"dust","Illawarra",2003-01-29,2003-01-30,,
1257,772,,"possible biomass","Illawarra",2003-12-31,,,
1258,772,,"dust","Illawarra",2003-12-31,,,
497,274,,"possible biomass","PERTH",2001-01-05,2001-01-10,"300000","****please view, could smoke travel this far. High pm for this week no other articles found.  Modis n/a"
1243,760,,"possible biomass","Sydney East",2003-11-15,,,
1244,761,,"bushfire","Sydney East",2003-12-26,,,
1245,216,,"prescribed burn","Newcastle",2005-01-12,,,
1246,762,,"bushfire","Sydney East",2005-01-14,,,
1247,763,,"bushfire","PERTH",2001-01-16,,,
1259,773,,"possible biomass","Illawarra",2004-01-10,,,
884,536,,"bushfire","Sydney East",2006-11-20,2006-11-25,"53000",
845,514,,"bushfire","Sydney East",2005-12-28,,,
830,504,,"bushfire","Sydney East",2002-11-24,2002-11-25,,
1043,625,,"bushfire","Sydney East",2001-12-25,2001-12-31,,
605,397,,"bushfire","Sydney East",2005-12-23,,,
748,457,,"bushfire","Sydney East",2003-12-26,,,
451,240,,"bushfire","Sydney East",2003-01-22,,,"cant actually see the regions on image, but massive amount of smoke south and west of sydney could possibly affect indicated regions as well"
56,28,,"bushfire","PERTH",2005-01-13,2005-01-21,"25000",
627,408,,"bushfire","Sydney East",2002-10-04,2002-10-08,,
1260,773,,"dust","Illawarra",2004-01-10,,,
1261,774,,"possible biomass","Illawarra",2004-02-21,,,
1263,775,,"possible biomass","Illawarra",2005-01-14,,,
1264,776,,"dust","Illawarra",2006-11-21,,,
1265,777,,"possible biomass","Illawarra",2006-12-01,,,
1266,778,,"possible biomass","Newcastle",1997-12-17,1997-12-18,,
1267,779,,"dust","Newcastle",1998-01-02,,,
1202,722,,"possible biomass","BUNBURY",2007-06-01,,,
1203,723,,"bushfire","ALBANY",2006-10-10,,,
1204,724,,"bushfire","Albury",2006-12-07,,,
1268,780,,"possible biomass","Newcastle",2003-01-21,,,
1269,781,,"possible biomass","Newcastle",2003-01-27,,,
1270,782,,"possible biomass","Newcastle",2003-01-30,,,
1271,782,,"dust","Newcastle",2003-01-30,,,
1158,679,,"bushfire","Wagga Wagga",2003-01-18,,,
1159,675,,"bushfire","Wagga Wagga",2003-01-19,,,
1160,681,,"bushfire","Bathurst",2003-01-24,,,
1161,682,,"bushfire","Albury",2003-01-25,,,
1162,682,,"bushfire","Bathurst",2003-01-25,,,
1163,683,,"bushfire","Bathurst",2003-01-25,,,
1164,684,,"bushfire","Albury",2003-01-27,,,
1165,685,,"bushfire","Albury",2003-01-28,,,
1166,686,,"bushfire","Albury",2003-01-29,,,
1167,687,,"bushfire","Bathurst",2003-01-30,,,
1168,688,,"bushfire","Bathurst",2003-01-31,,,
1169,689,,"bushfire","Albury",2003-02-02,,,
1170,690,,"bushfire","Albury",2003-02-03,,,
1171,691,,"possible biomass","Tamworth",2003-01-07,2003-01-08,,
1172,692,,"bushfire","Albury",2003-02-06,,,
1173,693,,"bushfire","Albury",2003-02-07,2003-02-08,,
1174,694,,"possible biomass","Wagga Wagga",2003-03-20,,,
1175,695,,"possible biomass","Tamworth",2003-03-21,,,
1176,696,,"possible biomass","Bathurst",2003-03-20,,,
1177,697,,"bushfire","Bathurst",2002-01-05,2002-01-06,,
1178,698,,"possible biomass","Bathurst",2002-10-23,,,
1179,698,,"possible biomass","Tamworth",2002-10-23,,,
1180,699,,"possible biomass","Tamworth",2002-11-27,2002-11-28,,
1181,700,,"bushfire","Tamworth",2002-12-05,,,
1182,701,,"bushfire","Tamworth",2002-11-08,,,
1183,702,,"possible biomass","BUNBURY",2002-11-08,,,
1184,703,,"bushfire","Tamworth",2002-12-06,,,
1185,704,,"bushfire","Bathurst",2002-12-08,,,
1186,704,,"bushfire","Tamworth",2002-12-07,2002-12-08,,
1187,705,,"bushfire","Tamworth",2002-12-09,,,
1188,706,,"dust","Tamworth",2003-10-28,2003-10-29,,
1189,707,,"bushfire","BUNBURY",2004-04-28,,,
1190,708,,"bushfire","BUNBURY",2004-04-29,,,
1191,709,,"bushfire","BUNBURY",2004-05-05,,,
1192,710,,"bushfire","BUNBURY",2005-01-17,,,
1193,711,,"bushfire","BUNBURY",2005-04-14,2005-04-15,,
1194,712,,"bushfire","BUNBURY",2006-05-10,,,
1195,713,,"bushfire","BUNBURY",2005-11-14,,,
1196,714,,"bushfire","BUNBURY",2006-01-23,2006-01-24,,
1197,715,,"bushfire","BUNBURY",2006-05-11,,,
1198,717,,"bushfire","BUNBURY",2006-05-12,,,
1199,718,,"bushfire","BUNBURY",2006-06-16,2006-06-17,,
1200,719,,"bushfire","BUNBURY",2006-06-18,,,
1201,720,,"possible biomass","BUNBURY",2007-05-10,2007-05-11,,
1205,725,,"bushfire","Albury",2006-12-12,,,
1206,726,,"bushfire","Albury",2006-12-18,2006-12-19,,
1207,727,,"bushfire","Albury",2007-01-09,,,
1208,728,,"bushfire","Albury",2007-01-13,,,
1209,729,,"bushfire","Albury",2007-01-14,,,
1210,730,,"bushfire","ALBANY",2007-02-12,,,
1211,731,,"possible biomass","Albury",2008-04-01,2008-04-02,,
1212,732,,"bushfire","Albury",2009-02-07,,,
1213,733,,"bushfire","Albury",2009-02-08,,,
1214,734,,"bushfire","Albury",2009-02-09,,,
1215,735,,"possible biomass","Bathurst",2004-03-25,2004-03-26,,
1216,736,,"bushfire","Bathurst",2006-12-01,,,
1217,737,,"bushfire","BUSSELTON",2007-10-23,2007-10-24,,
1218,738,,"possible biomass","GERALDTON",2007-05-09,2007-05-10,,
1219,739,,"possible biomass","Tamworth",2004-02-21,2004-02-22,,
1220,740,,"bushfire","Tamworth",2005-02-08,2005-02-09,,
1221,741,,"bushfire","Tamworth",2007-10-03,,,
1276,786,,"bushfire","PERTH",1997-02-16,1997-02-17,,
1278,788,,"dust","Sydney East",1994-05-24,1994-05-26,,
1279,790,,"dust","Sydney East",1994-04-07,,,
1277,787,,"dust","Sydney East",1994-05-24,1994-05-26,,"Reports of visibilities of around 1 km in Sydney were common. (page 5)"
1281,791,,"dust","Sydney East",1994-04-07,,,"code 6 dust haze reported at sydney"
1282,791,,"dust","Sydney East",1996-02-01,,,"code 6/7 dust haze/raised dust or sand"
1284,791,,"dust","Sydney East",2007-05-04,,,"Had to be corroborated with Dr Craig Strong"
1285,794,,"dust","Sydney East",2007-05-04,,,
